File Type,Rigid Body Asset
Version,1
Name,femur_body
ID,1854403305018364400
Color,222,0,255
Units,m
Point,Point 1,0.022998,-0.036767,-0.003188,None
Point,Point 2,0.013190,0.023244,0.005782,None
Point,Point 3,0.010903,0.012182,-0.032973,None
Point,Point 4,-0.044152,0.001413,-0.008822,None
Point,Point 5,-0.002939,-0.000072,0.039202,None
