File Type,Rigid Body Asset
Version,1
Name,femur_body
ID,17634814677963903472
Color,0,235,255
Units,m
Point,Point 1,-0.014963,0.010491,-0.002972,None
Point,Point 2,-0.007665,-0.011554,0.018132,None
Point,Point 3,-0.000544,-0.009617,-0.018597,None
Point,Point 4,0.003953,0.013058,0.000468,None
Point,Point 5,0.019219,-0.002378,0.002969,None
