File Type,Rigid Body Asset
Version,1
Name,femur_body
ID,7163914014708011504
Color,0,235,255
Units,m
Point,Point 1,-0.034319,0.011803,-0.003021,None
Point,Point 2,-0.006125,-0.027575,0.036454,None
Point,Point 3,0.001478,0.029419,0.001246,None
Point,Point 4,0.037092,0.005477,0.000998,None
Point,Point 5,0.001874,-0.019125,-0.035677,None
