File Type,Rigid Body Asset
Version,1
Name,tibia_body
ID,12917606067338088944
Color,146,0,168
Units,m
Point,Point 1,0.043507,0.016213,-0.008837,None
Point,Point 2,0.005831,-0.043414,-0.024402,None
Point,Point 3,0.000547,-0.004717,0.061724,None
Point,Point 4,-0.011864,0.031657,-0.020849,None
Point,Point 5,-0.038020,0.000262,-0.007636,None
