File Type,Rigid Body Asset
Version,1
Name,tibia_body
ID,1854403326493200880
Color,255,163,128
Units,m
Point,Point 1,0.022884,0.015584,0.038296,None
Point,Point 2,-0.058054,0.014529,0.010999,None
Point,Point 3,-0.001613,-0.002101,-0.037708,None
Point,Point 4,0.026940,0.022810,-0.020086,None
Point,Point 5,0.009843,-0.050822,0.008499,None
