File Type,Rigid Body Asset
Version,1
Name,tibia_body
ID,16836895138316947952
Color,255,163,128
Units,m
Point,Point 1,-0.011790,-0.019203,-0.012112,None
Point,Point 2,-0.010117,0.012947,-0.010044,None
Point,Point 3,-0.011153,0.004765,0.027688,None
Point,Point 4,0.012788,0.012890,-0.009797,None
Point,Point 5,0.020272,-0.011399,0.004265,None
